{"validation loss": 0.21442322432994843, "epoch": 2, "trainer/global_step": 809, "_timestamp": 1681856213.5307662, "_runtime": 161.432391166687, "_step": 5, "training loss": 0.18922802805900574, "_wandb": {"runtime": 144}}