validation loss,epoch,step,training loss
0.25570404529571533,0,0,
,0,0,0.22214150428771973
