validation loss,epoch,step,training loss
0.2927321493625641,0,186,
,0,186,0.2826891839504242
0.20235373079776764,1,373,
,1,373,0.21999701857566833
0.19545282423496246,2,560,
,2,560,0.19348599016666412
