validation loss,epoch,step,training loss
0.2604076862335205,0,186,
,0,186,0.28774794936180115
