validation loss,epoch,step,training loss
0.2845240831375122,0,186,
,0,186,0.29029902815818787
0.2158524990081787,1,373,
,1,373,0.237823024392128
