{"validation loss": 0.5619332194328308, "epoch": 2, "trainer/global_step": 809, "_timestamp": 1681856740.0328639, "_runtime": 141.8339319229126, "_step": 5, "training loss": 0.5380848050117493, "_wandb": {"runtime": 140}}